{
    "accuracy": 0.6947194719471947,
    "precision": 0.5672268907563025,
    "recall": 0.6221198156682027,
    "f1_score": 0.5934065934065934,
    "roc_auc": 0.7700946536670892,
    "features": [
        "ida",
        "ieg",
        "ips",
        "ipp",
        "iaa"
    ]
}